{"cameraMode":{"drawMode":0,"name":"Shaded","section":"Shading Mode"},"sceneLighting":false,"audioPlay":false,"sceneViewState":{"showFog":true,"showMaterialUpdate":false,"showSkybox":false,"showFlares":true,"showImageEffects":true,"showParticleSystems":true},"in2DMode":false,"pivot":{"x":989.4736328125,"y":516.9920043945313,"z":-188.08409118652345},"rotation":{"x":-0.06414609402418137,"y":0.0014920692192390562,"z":0.0000950247558648698,"w":0.9979403018951416},"size":10.0,"orthographic":false}